Aiman Malik,+60-18-7654321,hugobrown@example.com
Ben Gold,+60-13-9876543,bengold@example.com
Ben Red,+60-11-8765432,benred@example.com
Ben Silver,+60-12-7654321,bensilver@example.com
Ben White,+60-14-8765432,benwhite@example.com
Cathy Black,+60-15-3456789,cathyblack@example.com
Cathy Gold,+60-13-2345678,cathygold@example.com
Cathy Silver,+60-12-3456789,cathysilver@example.com
Cathy White,+60-14-1234567,cathywhite@example.com
Charlotte Gan,+60-18-7654321,hugobrown@example.com
Dan Black,+60-15-7654321,danblack@example.com
Dan Green,+60-16-9876543,dangreen@example.com
Dan White,+60-14-8765432,danwhite@example.com
Dylan Gold,+60-13-8765432,dylangold@example.com
Ella Black,+60-15-3456789,ellablack@example.com
Ella Blue,+60-17-1234567,ellablue@example.com
Ella Green,+60-16-2345678,ellagreen@example.com
Fred Blue,+60-17-8765432,fredblue@example.com
Fred Brown,+60-18-7654321,fredbrown@example.com
Fred Green,+60-16-9876543,fredgreen@example.com
Gina Blue,+60-17-1234567,ginablue@example.com
Gina Brown,+60-18-3456789,ginabrown@example.com
Gina Grey,+60-19-2345678,ginagrey@example.com
Hugo Grey,+60-19-9876543,hugogrey@example.com
Hugo Red,+60-11-8765432,hugored@example.com
Ivy Grey,+60-19-2345678,ivygrey@example.com
Ivy Red,+60-11-1234567,ivyred@example.com
Ivy Silver,+60-12-3456789,ivysilver@example.com
Ivy Young,+60-13-2345678,ivyyoung@example.com
Jack Gold,+60-13-9876543,jackgold@example.com
Jack Red,+60-11-8765432,jackred@example.com
Jack Silver,+60-12-7654321,jacksilver@example.com
Jack White,+60-14-8765432,jackwhite@example.com
Karen Black,+60-15-3456789,karenblack@example.com
Karen Gold,+60-13-2345678,karengold@example.com
Karen Silver,+60-12-3456789,karensilver@example.com
Karen White,+60-14-1234567,karenwhite@example.com
Leo Black,+60-15-7654321,leoblack@example.com
Leo Gold,+60-13-9876543,leogold@example.com
Leo Green,+60-16-9876543,leogreen@example.com
Leo White,+60-14-8765432,leowhite@example.com
Mona Black,+60-15-3456789,monablack@example.com
Mona Blue,+60-17-1234567,monablue@example.com
Mona Green,+60-16-2345678,monagreen@example.com
Mona White,+60-14-1234567,monawhite@example.com
Nina Black,+60-15-7654321,ninablack@example.com
Nina Blue,+60-17-8765432,ninablue@example.com
Nina Brown,+60-18-7654321,ninabrown@example.com
Nina Green,+60-16-9876543,ninagreen@example.com
Oscar Blue,+60-17-1234567,oscarblue@example.com
Oscar Brown,+60-18-3456789,oscarbrown@example.com
Oscar Green,+60-16-2345678,oscargreen@example.com
Oscar Grey,+60-19-2345678,oscargrey@example.com
Paul Blue,+60-17-8765432,paulblue@example.com
Paul Brown,+60-18-7654321,paulbrown@example.com
Paul Grey,+60-19-9876543,paulgrey@example.com
Paul Red,+60-11-8765432,paulred@example.com
Quinn Brown,+60-18-3456789,quinnbrown@example.com
Quinn Grey,+60-19-2345678,quinngrey@example.com
Quinn Red,+60-11-1234567,quinnred@example.com
Quinn Silver,+60-12-3456789,quinnsilver@example.com
Rita Gold,+60-13-9876543,ritagold@example.com
Rita Grey,+60-19-9876543,ritagrey@example.com
Rita Red,+60-11-8765432,ritared@example.com
Rita Silver,+60-12-7654321,ritasilver@example.com
Sam Gold,+60-13-2345678,samgold@example.com
Sam Red,+60-11-1234567,samred@example.com
Sam Silver,+60-12-3456789,samsilver@example.com
Sam White,+60-14-1234567,samwhite@example.com
Tina Black,+60-15-7654321,tinablack@example.com
Tina Gold,+60-13-9876543,tinagold@example.com
Tina Silver,+60-12-7654321,tinasilver@example.com
Tina White,+60-14-8765432,tinawhite@example.com
Uma Black,+60-15-3456789,umablack@example.com
Uma Gold,+60-13-2345678,umagold@example.com
Uma Green,+60-16-2345678,umagreen@example.com
Uma White,+60-14-1234567,umawhite@example.com
Vera Black,+60-15-7654321,verablack@example.com
Vera Blue,+60-17-8765432,verablue@example.com
Vera Green,+60-16-9876543,veragreen@example.com
Vera White,+60-14-8765432,verawhite@example.com
Will Black,+60-15-3456789,willblack@example.com
Will Blue,+60-17-1234567,willblue@example.com
Will Brown,+60-18-3456789,willbrown@example.com
Will Green,+60-16-2345678,willgreen@example.com
Xena Blue,+60-17-8765432,xenablue@example.com
Xena Brown,+60-18-7654321,xenabrown@example.com
Xena Green,+60-16-9876543,xenagreen@example.com
Xena Grey,+60-19-9876543,xenagrey@example.com
Yara Blue,+60-17-1234567,yarablue@example.com
